episode,stepsdone,stepsatlastupdate,cum_reward,time,time_elapsed,rate
1,758,0,-21.0,01/08/20 23:08:20,12.28,61.63
2,1515,1001,-21.0,01/08/20 23:08:28,7.72,97.89
3,2299,2002,-21.0,01/08/20 23:08:36,8.02,97.66
4,3227,3003,-20.0,01/08/20 23:08:45,9.43,98.30
5,4032,4004,-21.0,01/08/20 23:08:53,8.28,97.14
6,5051,5005,-19.0,01/08/20 23:09:04,10.36,98.30
7,6260,6006,-17.0,01/08/20 23:09:16,12.47,96.86
8,7276,7007,-20.0,01/08/20 23:09:27,10.43,97.27
9,8033,8008,-21.0,01/08/20 23:09:34,7.86,96.18
10,8886,8008,-21.0,01/08/20 23:09:43,8.85,96.28
11,9879,9009,-21.0,01/08/20 23:11:54,11.86,83.67
12,10915,10010,-20.0,01/08/20 23:12:06,11.71,88.38
13,11783,11011,-21.0,01/08/20 23:12:16,9.83,88.21
14,12663,12012,-21.0,01/08/20 23:12:26,10.00,87.88
15,13440,13013,-21.0,01/08/20 23:12:34,8.60,90.25
16,14370,14014,-19.0,01/08/20 23:12:45,10.52,88.31
17,15277,15015,-21.0,01/08/20 23:12:55,10.34,87.61
18,16192,16016,-20.0,01/08/20 23:13:06,10.38,88.07
19,17100,17017,-21.0,01/08/20 23:13:16,10.31,87.96
20,17980,17017,-21.0,01/08/20 23:13:26,9.98,88.08
21,18769,18018,-21.0,01/08/20 23:13:35,9.05,87.06
22,19804,19019,-20.0,01/08/20 23:13:47,11.90,86.92
23,20742,20020,-21.0,01/08/20 23:13:58,10.88,86.14
24,21577,21021,-21.0,01/08/20 23:14:07,9.64,86.53
25,22559,22022,-20.0,01/08/20 23:14:19,11.46,85.63
26,23844,23023,-18.0,01/08/20 23:14:34,14.93,86.00
27,24782,24024,-21.0,01/08/20 23:14:45,10.77,86.98
28,25839,25025,-21.0,01/08/20 23:14:57,12.29,85.95
29,26849,26026,-19.0,01/08/20 23:15:09,12.48,80.86
30,27685,27027,-21.0,01/08/20 23:15:20,10.25,81.43
31,28587,28028,-21.0,01/08/20 23:15:30,10.37,86.90
32,29758,29029,-19.0,01/08/20 23:15:44,13.74,85.12
34,31081,31031,-8.0,02/08/20 00:05:07,5.75,81.33
35,32220,32032,-19.0,02/08/20 00:05:22,14.32,79.49
36,33307,33033,-18.0,02/08/20 00:05:35,13.48,80.57
37,34780,34034,-18.0,02/08/20 00:05:53,17.99,81.80
38,35830,35035,-21.0,02/08/20 00:06:06,12.73,82.42
39,36856,36036,-21.0,02/08/20 00:06:18,12.30,83.32
40,38007,37037,-19.0,02/08/20 00:06:33,14.25,80.70
41,39309,39039,-20.0,02/08/20 00:06:48,15.81,82.27
42,40769,40040,-17.0,02/08/20 00:07:06,17.51,83.32
43,41845,41041,-20.0,02/08/20 00:07:19,13.18,81.54
44,43195,43043,-16.0,02/08/20 00:07:35,16.27,82.91
45,44527,44044,-21.0,02/08/20 00:07:52,16.70,79.68
46,46283,46046,-16.0,02/08/20 00:08:15,23.26,75.44
47,47747,47047,-20.0,02/08/20 00:08:33,18.10,80.83
48,49064,49049,-19.0,02/08/20 00:08:50,16.45,80.00
49,50077,50050,-19.0,02/08/20 00:09:03,13.16,76.93
50,51540,51051,-19.0,02/08/20 00:12:38,19.46,93.85
51,53307,53053,-17.0,02/08/20 00:13:01,23.23,76.04
52,54700,54054,-17.0,02/08/20 00:13:18,17.27,80.58
53,56130,56056,-19.0,02/08/20 00:13:37,18.42,77.57
54,57519,57057,-17.0,02/08/20 00:13:55,18.54,74.86
55,58809,58058,-19.0,02/08/20 00:14:12,17.02,75.73
56,60503,60060,-14.0,02/08/20 00:14:34,21.03,80.50
57,61979,61061,-15.0,02/08/20 00:14:52,18.61,79.24
58,63184,63063,-20.0,02/08/20 00:15:07,15.31,78.64
59,64368,64064,-19.0,02/08/20 00:15:23,15.50,76.32
60,65984,65065,-18.0,02/08/20 00:15:44,21.01,76.89
61,67943,67067,-16.0,02/08/20 00:16:09,24.78,79.01
62,70018,69069,-16.0,02/08/20 00:16:35,26.22,79.11
63,71540,71071,-19.0,02/08/20 00:16:54,19.54,77.82
64,73455,73073,-17.0,02/08/20 00:17:19,24.92,76.82
65,75091,75075,-18.0,02/08/20 00:17:41,21.41,76.35
66,77104,77077,-15.0,02/08/20 00:18:08,26.90,74.80
67,78668,78078,-20.0,02/08/20 00:18:28,20.20,77.36
68,80190,80080,-18.0,02/08/20 00:18:47,19.44,78.22
69,82104,82082,-16.0,02/08/20 00:19:12,24.58,77.83
70,84045,83083,-15.0,02/08/20 00:19:37,25.40,76.39
71,85987,85085,-15.0,02/08/20 00:20:02,25.07,77.43
72,87608,87087,-19.0,02/08/20 00:20:24,21.33,75.95
73,90156,90090,-11.0,02/08/20 00:20:58,34.00,74.91
74,92555,92092,-11.0,02/08/20 00:21:30,31.85,75.30
75,94858,94094,-13.0,02/08/20 00:21:59,29.60,77.77
76,97282,97097,-11.0,02/08/20 00:22:31,31.30,77.40
77,99620,99099,-15.0,02/08/20 00:23:01,30.09,77.66
78,101726,101101,-16.0,02/08/20 00:23:28,27.38,76.87
79,104428,104104,-11.0,02/08/20 00:24:03,35.08,77.00
80,106657,106106,-15.0,02/08/20 00:24:32,28.72,77.59
81,109018,108108,-13.0,02/08/20 00:25:02,30.55,77.26
82,110905,110110,-16.0,02/08/20 00:25:27,24.47,77.06
83,113130,113113,-12.0,02/08/20 00:25:56,29.48,75.43
84,115052,114114,-16.0,02/08/20 00:26:21,24.83,77.36
85,116644,116116,-18.0,02/08/20 00:26:42,20.69,76.88
86,118241,118118,-16.0,02/08/20 00:27:02,20.67,77.20
87,121184,121121,-13.0,02/08/20 00:27:41,38.13,77.16
88,124174,124124,-9.0,02/08/20 00:28:19,38.76,77.11
89,126316,126126,-14.0,02/08/20 00:28:47,27.66,77.40
90,128757,128128,-15.0,02/08/20 00:29:19,31.60,77.20
91,132685,132132,-4.0,02/08/20 00:30:10,50.86,77.22
92,136403,136136,-8.0,02/08/20 00:30:58,48.34,76.89
93,137939,137137,-21.0,02/08/20 00:31:18,19.82,77.45
94,140916,140140,-14.0,02/08/20 00:31:56,38.60,77.10
95,142762,142142,-20.0,02/08/20 00:32:20,23.78,77.60
96,145829,145145,-9.0,02/08/20 00:33:00,39.63,77.36
97,148098,147147,-17.0,02/08/20 00:33:29,29.35,77.29
98,150393,150150,-16.0,02/08/20 00:33:59,29.68,77.30
99,153081,152152,-16.0,02/08/20 00:34:33,34.70,77.42
100,154683,154154,-20.0,02/08/20 00:41:06,20.70,131.64
101,157998,157157,-10.0,02/08/20 00:41:49,42.85,77.34
102,159806,159159,-19.0,02/08/20 00:42:12,23.58,76.64
103,162022,161161,-16.0,02/08/20 00:42:43,30.36,72.96
104,164111,163163,-16.0,02/08/20 00:43:11,28.58,73.05
105,167738,167167,-6.0,02/08/20 00:44:01,50.06,72.43
106,170673,170170,-8.0,02/08/20 00:44:40,38.94,75.35
107,173140,172172,-18.0,02/08/20 00:45:11,30.71,80.29
108,176983,176176,-6.0,02/08/20 00:45:57,46.49,82.64
109,180011,179179,-9.0,02/08/20 00:46:33,35.93,84.24
110,183444,183183,-9.0,02/08/20 00:47:14,40.17,85.45
111,184952,184184,-18.0,02/08/20 00:47:31,17.38,86.70
112,187318,187187,-11.0,02/08/20 00:47:59,28.33,83.47
113,190229,190190,-9.0,02/08/20 00:48:34,35.17,82.74
114,193568,193193,-3.0,02/08/20 00:49:15,40.18,83.08
115,196296,196196,-9.0,02/08/20 00:49:48,33.51,81.37
116,198333,198198,-16.0,02/08/20 00:50:13,24.92,81.69
117,201205,201201,-13.0,02/08/20 00:50:46,32.97,87.08
118,203654,203203,-14.0,02/08/20 00:51:13,27.40,89.35
119,206999,206206,-6.0,02/08/20 00:51:51,37.39,89.45
120,209448,209209,-13.0,02/08/20 00:52:18,27.44,89.21
121,213705,213213,5.0,02/08/20 00:53:06,47.64,89.34
122,217065,216216,-6.0,02/08/20 00:53:44,38.26,87.79
123,219774,219219,-15.0,02/08/20 00:54:14,30.26,89.49
124,222075,221221,-13.0,02/08/20 00:54:40,26.05,88.30
125,224280,224224,-16.0,02/08/20 00:55:05,24.72,89.17
126,227306,227227,-7.0,02/08/20 00:55:40,34.55,87.55
127,231380,231231,-1.0,02/08/20 00:56:26,45.76,89.01
128,234993,234234,-9.0,02/08/20 00:57:06,40.63,88.91
129,237754,237237,-13.0,02/08/20 00:57:38,31.70,87.07
130,239800,239239,-17.0,02/08/20 00:58:01,22.88,89.38
131,242666,242242,-10.0,02/08/20 00:58:33,32.10,89.25
132,247043,246246,2.0,02/08/20 00:59:22,49.49,88.43
133,251091,250250,-4.0,02/08/20 01:00:08,45.20,89.53
134,254161,253253,-8.0,02/08/20 01:00:42,34.36,89.33
135,257082,256256,-10.0,02/08/20 01:01:14,32.62,89.52
136,260533,260260,-7.0,02/08/20 01:01:53,38.55,89.49
137,264430,264264,-4.0,02/08/20 01:02:37,43.64,89.28
138,266838,266266,-13.0,02/08/20 01:03:04,26.99,89.18
139,270926,270270,-2.0,02/08/20 01:03:49,45.62,89.59
140,274842,274274,-2.0,02/08/20 01:04:33,43.92,89.15
141,279131,278278,4.0,02/08/20 01:05:22,48.72,88.02
142,282812,282282,6.0,02/08/20 01:06:03,41.08,89.59
143,287766,287287,1.0,02/08/20 01:06:58,55.39,89.42
144,290598,290290,-9.0,02/08/20 01:07:31,32.38,87.43
145,293467,293293,-10.0,02/08/20 01:08:03,32.21,89.03
146,297010,296296,-6.0,02/08/20 01:08:43,39.65,89.32
147,301297,300300,1.0,02/08/20 01:09:31,48.15,89.01
148,304715,304304,-2.0,02/08/20 01:10:09,38.31,89.20
149,309004,308308,-1.0,02/08/20 01:10:57,48.12,89.11
150,312995,312312,-5.0,02/08/20 01:19:32,44.66,89.86
151,316782,316316,5.0,02/08/20 01:20:16,43.57,86.90
152,320538,320320,5.0,02/08/20 01:20:58,42.36,88.64
153,324321,323323,-2.0,02/08/20 01:21:41,42.67,88.64
154,328033,327327,6.0,02/08/20 01:22:22,41.82,88.73
155,332396,332332,-1.0,02/08/20 01:23:12,49.88,87.46
156,335916,335335,6.0,02/08/20 01:23:52,40.09,87.78
157,339628,339339,8.0,02/08/20 01:24:34,42.12,88.11
158,343417,343343,7.0,02/08/20 01:25:17,42.72,88.67
159,347157,346346,5.0,02/08/20 01:26:00,42.65,87.67
160,350965,350350,4.0,02/08/20 01:26:43,42.92,88.70
161,354271,353353,10.0,02/08/20 01:27:20,37.25,88.73
162,358168,357357,8.0,02/08/20 01:28:04,44.40,87.75
163,362317,361361,1.0,02/08/20 01:28:51,46.90,88.45
164,366814,366366,5.0,02/08/20 01:29:42,51.07,88.04
165,370936,370370,3.0,02/08/20 01:30:29,46.51,88.61
166,374837,374374,7.0,02/08/20 01:31:14,44.69,87.26
167,378345,377377,9.0,02/08/20 01:31:53,39.49,88.80
168,382388,382382,4.0,02/08/20 01:32:39,45.60,88.65
169,386792,386386,1.0,02/08/20 01:33:28,49.58,88.80
170,390556,390390,10.0,02/08/20 01:34:11,42.37,88.80
171,394344,393393,3.0,02/08/20 01:34:53,42.50,89.11
172,398426,398398,2.0,02/08/20 01:35:39,45.94,88.84
173,401965,401401,6.0,02/08/20 01:36:19,39.97,88.52
174,406115,405405,4.0,02/08/20 01:37:07,47.49,87.36
175,410462,410410,2.0,02/08/20 01:37:56,49.04,88.63
176,415012,414414,-1.0,02/08/20 01:38:47,50.99,89.21
177,418855,418418,6.0,02/08/20 01:39:30,42.97,89.41
178,422697,422422,6.0,02/08/20 01:40:13,43.18,88.95
179,426802,426426,1.0,02/08/20 01:40:59,45.97,89.27
180,429895,429429,7.0,02/08/20 01:41:33,34.78,88.90
181,432993,432432,10.0,02/08/20 01:42:08,34.80,88.99
182,436655,436436,8.0,02/08/20 01:42:49,40.94,89.43
183,440259,439439,9.0,02/08/20 01:43:30,40.48,89.00
184,443302,442442,9.0,02/08/20 01:44:04,34.27,88.76
185,446566,446446,8.0,02/08/20 01:44:41,36.72,88.85
186,450120,449449,11.0,02/08/20 01:45:21,39.89,89.06
187,453775,453453,7.0,02/08/20 01:46:02,40.93,89.28
188,457482,457457,11.0,02/08/20 01:46:43,41.73,88.82
189,461817,461461,5.0,02/08/20 01:47:33,49.32,87.87
190,464675,464464,12.0,02/08/20 01:48:05,32.31,88.43
191,467895,467467,8.0,02/08/20 01:48:41,36.25,88.81
192,470400,469469,18.0,02/08/20 01:49:10,28.40,88.18
193,473972,473473,11.0,02/08/20 01:49:50,40.33,88.55
194,477397,476476,11.0,02/08/20 01:50:28,38.38,89.20
195,481257,480480,8.0,02/08/20 01:51:12,43.33,89.05
196,484901,484484,13.0,02/08/20 01:51:52,40.87,89.14
197,487959,487487,17.0,02/08/20 01:52:27,34.39,88.90
198,491549,491491,9.0,02/08/20 01:53:07,40.52,88.58
199,495909,495495,6.0,02/08/20 01:53:57,49.84,87.45
200,498431,497497,17.0,02/08/20 02:05:14,28.47,118.81
201,502217,501501,10.0,02/08/20 02:05:57,42.42,89.22
202,505675,505505,11.0,02/08/20 02:06:36,38.74,89.24
203,509807,509509,7.0,02/08/20 02:07:21,45.44,90.91
204,513953,513513,10.0,02/08/20 02:08:07,45.81,90.49
205,516484,515515,18.0,02/08/20 02:08:35,28.15,89.88
206,519745,519519,12.0,02/08/20 02:09:11,35.96,90.65
207,522120,521521,18.0,02/08/20 02:09:37,26.08,91.01
208,525086,524524,9.0,02/08/20 02:10:10,32.55,91.10
209,527389,526526,18.0,02/08/20 02:10:35,25.51,90.22
210,530944,530530,7.0,02/08/20 02:11:14,39.35,90.31
211,534497,533533,10.0,02/08/20 02:11:54,39.27,90.46
212,536779,536536,20.0,02/08/20 02:12:19,25.44,89.67
213,539923,539539,10.0,02/08/20 02:12:54,34.65,90.70
214,542557,542542,15.0,02/08/20 02:13:23,29.00,90.78
215,545857,545545,13.0,02/08/20 02:13:59,36.34,90.77
216,549475,548548,9.0,02/08/20 02:14:39,39.90,90.65
217,551646,551551,17.0,02/08/20 02:15:03,23.85,90.97
218,554193,553553,17.0,02/08/20 02:15:31,28.14,90.47
219,557817,557557,7.0,02/08/20 02:16:11,39.73,91.19
220,561144,560560,11.0,02/08/20 02:16:47,36.59,90.90
221,563565,563563,19.0,02/08/20 02:17:14,26.61,90.93
222,566586,566566,10.0,02/08/20 02:17:47,33.28,90.75
223,569912,569569,11.0,02/08/20 02:18:24,36.52,91.06
224,574037,573573,7.0,02/08/20 02:19:10,45.87,89.90
225,577217,576576,10.0,02/08/20 02:19:45,34.99,90.86
226,580079,579579,14.0,02/08/20 02:20:16,31.33,91.32
227,583262,582582,12.0,02/08/20 02:20:51,34.88,91.22
228,586137,585585,13.0,02/08/20 02:21:23,31.63,90.85
229,588691,588588,18.0,02/08/20 02:21:51,28.32,90.13
230,591054,590590,16.0,02/08/20 02:22:17,26.07,90.59
231,594099,593593,14.0,02/08/20 02:22:50,33.46,90.98
232,596230,595595,18.0,02/08/20 02:23:14,23.49,90.66
233,600069,599599,9.0,02/08/20 02:23:56,42.16,91.03
234,602566,601601,16.0,02/08/20 02:24:24,27.55,90.59
235,606509,605605,10.0,02/08/20 02:25:08,43.58,90.45
236,609169,608608,16.0,02/08/20 02:25:37,29.35,90.58
237,612739,612612,7.0,02/08/20 02:26:17,39.33,90.75
238,616262,615615,7.0,02/08/20 02:26:55,38.62,91.20
239,619218,618618,15.0,02/08/20 02:27:28,32.52,90.88
240,622240,621621,10.0,02/08/20 02:28:01,33.29,90.76
241,625709,625625,8.0,02/08/20 02:28:39,38.20,90.78
242,628597,627627,14.0,02/08/20 02:29:11,31.65,91.21
243,630588,629629,21.0,02/08/20 02:29:33,21.94,90.69
244,633881,633633,9.0,02/08/20 02:30:09,36.23,90.87
245,636427,635635,17.0,02/08/20 02:30:37,28.00,90.91
246,638455,637637,21.0,02/08/20 02:31:00,22.57,89.81
247,641942,641641,11.0,02/08/20 02:31:38,38.48,90.60
248,645527,644644,8.0,02/08/20 02:32:18,39.50,90.74
249,647742,647647,18.0,02/08/20 02:32:42,24.37,90.86
250,651281,650650,9.0,02/08/20 02:39:29,39.06,104.45
251,654363,653653,8.0,02/08/20 02:40:04,34.15,90.23
252,656720,656656,18.0,02/08/20 02:40:30,26.16,90.07
253,659410,658658,13.0,02/08/20 02:41:00,29.81,90.20
254,661856,661661,15.0,02/08/20 02:41:27,27.11,90.20
255,664650,663663,14.0,02/08/20 02:41:57,30.82,90.62
256,666938,666666,18.0,02/08/20 02:42:23,25.28,90.48
257,669393,668668,14.0,02/08/20 02:42:50,27.30,89.90
258,671925,671671,13.0,02/08/20 02:43:18,28.05,90.24
259,674072,673673,15.0,02/08/20 02:43:42,24.22,88.61
260,676928,676676,12.0,02/08/20 02:44:14,31.61,90.33
261,679577,678678,12.0,02/08/20 02:44:43,29.37,90.14
262,681556,680680,19.0,02/08/20 02:45:05,21.90,90.33
263,683504,682682,18.0,02/08/20 02:45:27,21.64,89.95
264,686208,685685,11.0,02/08/20 02:45:57,29.86,90.51
265,688291,687687,20.0,02/08/20 02:46:20,23.07,90.25
266,690727,690690,13.0,02/08/20 02:46:47,26.92,90.46
267,692890,692692,18.0,02/08/20 02:47:11,24.76,87.32
268,696134,695695,9.0,02/08/20 02:47:47,35.89,90.35
269,700213,699699,9.0,02/08/20 02:48:32,45.15,90.33
270,702449,701701,17.0,02/08/20 02:48:57,24.72,90.40
271,704377,703703,18.0,02/08/20 02:49:19,21.38,90.11
272,706271,705705,20.0,02/08/20 02:49:40,21.11,89.69
273,709382,708708,12.0,02/08/20 02:50:14,34.55,90.01
274,711255,710710,20.0,02/08/20 02:50:35,20.76,90.16
275,713926,713713,12.0,02/08/20 02:51:04,29.49,90.55
276,715820,715715,20.0,02/08/20 02:51:25,20.88,90.67
277,717798,717717,19.0,02/08/20 02:51:47,21.89,90.30
278,720197,719719,20.0,02/08/20 02:52:14,26.58,90.22
279,722131,721721,20.0,02/08/20 02:52:35,21.44,90.15
280,723978,723723,20.0,02/08/20 02:52:56,20.48,90.14
281,725994,725725,19.0,02/08/20 02:53:18,22.42,89.86
282,728103,727727,20.0,02/08/20 02:53:42,23.35,90.26
283,730022,729729,18.0,02/08/20 02:54:03,21.24,90.30
284,732786,732732,14.0,02/08/20 02:54:34,31.01,89.10
285,734546,733733,21.0,02/08/20 02:54:53,19.54,90.04
286,736468,735735,19.0,02/08/20 02:55:15,21.49,89.38
287,738362,737737,19.0,02/08/20 02:55:36,21.01,90.11
288,740125,739739,21.0,02/08/20 02:55:55,19.57,90.02
289,742654,741741,15.0,02/08/20 02:56:23,27.87,90.70
290,745840,745745,14.0,02/08/20 02:56:58,35.11,90.71
291,748381,747747,16.0,02/08/20 02:57:26,28.03,90.62
292,750658,749749,18.0,02/08/20 02:57:51,25.02,90.98
293,752664,751751,18.0,02/08/20 02:58:14,22.16,90.47
294,755148,754754,17.0,02/08/20 02:58:41,27.49,90.31
295,757103,756756,20.0,02/08/20 02:59:03,21.61,90.43
296,759116,758758,16.0,02/08/20 02:59:25,22.27,90.36
297,760980,760760,18.0,02/08/20 02:59:46,20.66,90.20
298,764009,763763,14.0,02/08/20 03:00:19,33.29,90.95
299,766459,765765,18.0,02/08/20 03:00:46,27.04,90.58
300,769024,768768,16.0,02/08/20 03:07:02,28.36,86.35
301,771297,770770,17.0,02/08/20 03:07:27,25.14,90.37
302,773310,772772,19.0,02/08/20 03:07:49,22.11,91.00
303,775191,774774,20.0,02/08/20 03:08:10,20.70,90.84
304,776955,776776,21.0,02/08/20 03:08:29,19.48,90.49
305,779648,778778,12.0,02/08/20 03:08:59,29.55,91.10
306,782284,781781,18.0,02/08/20 03:09:28,29.19,90.27
307,784113,783783,19.0,02/08/20 03:09:48,20.25,90.26
308,786526,785785,18.0,02/08/20 03:10:15,26.69,90.37
309,788594,787787,18.0,02/08/20 03:10:38,22.96,90.04
310,790819,790790,20.0,02/08/20 03:11:03,24.54,90.63
311,792694,791791,19.0,02/08/20 03:11:23,20.80,90.11
312,794724,793793,18.0,02/08/20 03:11:46,22.44,90.41
313,796848,796796,20.0,02/08/20 03:12:10,23.70,89.56
314,798703,797797,19.0,02/08/20 03:12:30,20.58,90.09
315,800527,799799,20.0,02/08/20 03:12:50,20.16,90.43
316,802586,801801,19.0,02/08/20 03:13:13,22.77,90.37
317,804608,803803,20.0,02/08/20 03:13:35,22.44,90.05
318,806817,806806,18.0,02/08/20 03:14:00,24.37,90.59
319,809105,808808,18.0,02/08/20 03:14:25,25.40,90.05
320,811756,810810,14.0,02/08/20 03:14:55,29.39,90.17
321,813655,812812,19.0,02/08/20 03:15:15,20.85,91.02
322,815730,814814,20.0,02/08/20 03:15:38,22.91,90.53
323,817932,817817,16.0,02/08/20 03:16:03,24.23,90.84
324,820348,819819,15.0,02/08/20 03:16:29,26.57,90.89
325,822225,821821,19.0,02/08/20 03:16:50,20.71,90.58
326,824301,823823,20.0,02/08/20 03:17:13,22.98,90.29
327,826280,825825,17.0,02/08/20 03:17:35,21.83,90.62
328,828450,827827,18.0,02/08/20 03:17:59,23.83,91.03
329,831563,830830,12.0,02/08/20 03:18:33,34.47,90.29
330,833653,832832,20.0,02/08/20 03:18:56,23.18,90.13
331,835471,834834,21.0,02/08/20 03:19:16,20.20,89.96
332,837821,836836,15.0,02/08/20 03:19:42,26.08,90.07
333,840201,839839,20.0,02/08/20 03:20:09,26.29,90.48
334,842043,841841,20.0,02/08/20 03:20:29,20.41,90.20
335,845199,844844,5.0,02/08/20 03:21:04,34.78,90.71
336,847331,846846,19.0,02/08/20 03:21:27,23.46,90.82
337,849662,848848,16.0,02/08/20 03:21:53,25.75,90.49
338,852088,851851,17.0,02/08/20 03:22:20,26.80,90.48
339,854128,853853,18.0,02/08/20 03:22:43,22.52,90.52
340,855980,855855,19.0,02/08/20 03:23:03,20.47,90.44
341,857988,857857,20.0,02/08/20 03:23:25,22.32,89.92
342,860076,859859,18.0,02/08/20 03:23:48,23.12,90.25
343,862389,861861,18.0,02/08/20 03:24:14,25.49,90.68
344,864616,863863,19.0,02/08/20 03:24:39,24.59,90.54
345,866809,865865,20.0,02/08/20 03:25:03,24.23,90.46
346,868937,868868,20.0,02/08/20 03:25:26,23.51,90.47
347,871334,870870,20.0,02/08/20 03:25:53,26.46,90.56
348,873561,872872,18.0,02/08/20 03:26:17,24.65,90.29
349,876910,876876,5.0,02/08/20 03:26:54,36.86,90.83
350,878727,877877,21.0,02/08/20 03:34:16,20.15,118.94
351,880698,879879,21.0,02/08/20 03:34:38,22.00,89.55
352,882782,881881,17.0,02/08/20 03:35:01,23.08,90.24
353,884750,883883,17.0,02/08/20 03:35:23,21.91,89.77
354,886513,885885,21.0,02/08/20 03:35:43,19.64,89.72
355,888486,887887,21.0,02/08/20 03:36:05,21.94,89.89
356,890495,889889,20.0,02/08/20 03:36:27,22.32,89.95
357,892536,891891,19.0,02/08/20 03:36:50,22.69,89.91
358,894295,893893,21.0,02/08/20 03:37:09,19.61,89.63
359,896303,895895,20.0,02/08/20 03:37:32,22.31,89.94
360,898640,897897,19.0,02/08/20 03:37:58,25.92,90.11
361,900706,899899,20.0,02/08/20 03:38:21,22.94,90.00
362,902467,901901,21.0,02/08/20 03:38:40,19.56,89.99
363,904722,903903,17.0,02/08/20 03:39:05,25.10,89.79
364,907084,906906,16.0,02/08/20 03:39:32,26.29,89.79
365,909057,908908,21.0,02/08/20 03:39:53,21.87,90.16
366,911360,910910,17.0,02/08/20 03:40:19,25.57,90.02
367,913535,912912,17.0,02/08/20 03:40:44,24.88,87.39
368,915655,914914,20.0,02/08/20 03:41:07,23.59,89.81
369,917589,916916,20.0,02/08/20 03:41:29,21.47,90.04
370,919653,918918,20.0,02/08/20 03:41:52,22.84,90.33
371,922146,921921,18.0,02/08/20 03:42:19,27.60,90.28
372,924344,923923,18.0,02/08/20 03:42:44,24.48,89.76
373,926430,925925,20.0,02/08/20 03:43:07,23.10,90.27
374,928419,927927,20.0,02/08/20 03:43:29,22.01,90.34
375,930466,929929,20.0,02/08/20 03:43:52,22.70,90.13
376,932488,931931,19.0,02/08/20 03:44:14,22.41,90.18
377,934648,933933,19.0,02/08/20 03:44:38,23.98,90.02
378,936846,935935,20.0,02/08/20 03:45:03,24.46,89.82
379,939132,938938,17.0,02/08/20 03:45:28,25.44,89.82
380,941197,940940,20.0,02/08/20 03:45:51,22.92,90.07
381,943048,942942,20.0,02/08/20 03:46:11,20.47,90.37
382,944997,944944,19.0,02/08/20 03:46:33,21.56,90.37
383,946761,945945,21.0,02/08/20 03:46:52,19.48,90.51
384,948523,947947,21.0,02/08/20 03:47:12,19.66,89.55
385,950422,949949,20.0,02/08/20 03:47:33,21.07,90.09
386,952181,951951,21.0,02/08/20 03:47:53,19.61,89.67
387,954222,953953,19.0,02/08/20 03:48:15,22.61,90.22
388,956141,955955,17.0,02/08/20 03:48:37,21.24,90.31
389,958237,957957,19.0,02/08/20 03:49:00,23.10,90.70
390,960472,959959,17.0,02/08/20 03:49:24,24.75,90.27
391,962386,961961,20.0,02/08/20 03:49:46,21.24,90.05
392,964423,963963,17.0,02/08/20 03:50:08,22.67,89.82
393,966428,965965,18.0,02/08/20 03:50:31,22.35,89.68
394,968515,967967,20.0,02/08/20 03:50:54,23.17,90.03
395,970584,969969,20.0,02/08/20 03:51:17,23.06,89.66
396,972624,971971,20.0,02/08/20 03:51:39,22.51,90.59
397,974543,973973,19.0,02/08/20 03:52:01,21.43,89.49
398,976990,976976,14.0,02/08/20 03:52:28,27.17,90.03
399,979025,978978,20.0,02/08/20 03:52:51,22.57,90.13
400,980787,979979,21.0,02/08/20 04:00:22,19.53,90.26
401,982845,981981,19.0,02/08/20 04:00:45,22.68,90.68
402,984608,983983,21.0,02/08/20 04:01:04,19.45,90.61
403,986700,985985,19.0,02/08/20 04:01:28,23.55,88.80
404,988589,987987,19.0,02/08/20 04:01:49,21.03,89.79
405,990385,989989,20.0,02/08/20 04:02:08,19.82,90.58
406,992356,991991,21.0,02/08/20 04:02:30,21.90,89.95
407,994464,993993,19.0,02/08/20 04:02:54,23.73,88.79
408,996490,995995,20.0,02/08/20 04:03:16,22.28,90.87
409,998664,997997,17.0,02/08/20 04:03:40,24.09,90.22
410,1000770,999999,19.0,02/08/20 04:04:04,23.21,90.69
411,1002816,1002001,19.0,02/08/20 04:04:26,22.47,91.01
412,1004690,1004003,20.0,02/08/20 04:04:47,20.66,90.67
413,1006710,1006005,17.0,02/08/20 04:05:09,22.13,91.22
414,1008728,1008007,20.0,02/08/20 04:05:31,22.14,91.11
415,1011133,1011010,20.0,02/08/20 04:05:58,26.66,90.19
416,1012896,1012011,21.0,02/08/20 04:06:17,19.49,90.41
417,1014912,1014013,20.0,02/08/20 04:06:39,22.13,91.05
418,1017011,1016015,19.0,02/08/20 04:07:03,23.17,90.56
419,1019055,1019018,20.0,02/08/20 04:07:25,22.49,90.83
420,1021170,1021020,19.0,02/08/20 04:07:48,23.24,90.98
421,1023248,1023022,19.0,02/08/20 04:08:11,23.03,90.18
422,1025473,1025024,21.0,02/08/20 04:08:36,24.51,90.75
423,1027250,1027026,21.0,02/08/20 04:08:55,19.56,90.81
424,1029211,1029028,19.0,02/08/20 04:09:17,21.51,91.11
425,1031079,1031030,19.0,02/08/20 04:09:38,20.61,90.60
426,1032934,1032031,20.0,02/08/20 04:09:58,20.46,90.62
427,1035383,1035034,19.0,02/08/20 04:10:25,26.91,90.96
428,1037207,1037036,19.0,02/08/20 04:10:45,20.38,89.45
429,1039587,1039038,21.0,02/08/20 04:11:11,26.16,90.96
430,1041560,1041040,21.0,02/08/20 04:11:33,21.76,90.64
431,1043677,1043042,18.0,02/08/20 04:11:56,23.29,90.86
432,1045795,1045044,18.0,02/08/20 04:12:20,23.31,90.84
433,1047883,1047046,19.0,02/08/20 04:12:43,23.05,90.55
434,1049884,1049048,19.0,02/08/20 04:13:05,22.16,90.25
435,1052063,1052051,20.0,02/08/20 04:13:29,23.93,91.03
436,1054045,1053052,19.0,02/08/20 04:13:51,21.82,90.80
437,1056013,1055054,21.0,02/08/20 04:14:12,21.73,90.52
438,1057965,1057056,19.0,02/08/20 04:14:34,21.57,90.43
439,1059800,1059058,20.0,02/08/20 04:14:54,20.22,90.71
440,1061905,1061060,18.0,02/08/20 04:15:17,23.14,90.91
441,1063704,1063062,20.0,02/08/20 04:15:37,19.89,90.37
442,1065523,1065064,21.0,02/08/20 04:15:57,19.96,91.09
443,1067767,1067066,20.0,02/08/20 04:16:22,24.80,90.45
444,1069814,1069068,19.0,02/08/20 04:16:45,22.69,90.16
445,1071902,1071070,19.0,02/08/20 04:17:08,23.01,90.71
446,1073685,1073072,21.0,02/08/20 04:17:28,19.74,90.25
447,1075672,1075074,21.0,02/08/20 04:17:50,22.02,90.20
448,1077437,1077076,21.0,02/08/20 04:18:09,19.43,90.79
449,1079231,1079078,20.0,02/08/20 04:18:29,19.85,90.31
450,1081274,1081080,20.0,02/08/20 04:26:41,22.47,89.55
451,1083279,1083082,20.0,02/08/20 04:27:03,22.47,89.17
452,1085319,1085084,19.0,02/08/20 04:27:26,22.51,90.58
453,1087270,1087086,19.0,02/08/20 04:27:47,21.58,90.37
454,1089138,1089088,19.0,02/08/20 04:28:08,20.63,90.51
455,1091359,1091090,15.0,02/08/20 04:28:32,24.42,90.90
456,1093355,1093092,20.0,02/08/20 04:28:54,22.10,90.27
457,1095593,1095094,18.0,02/08/20 04:29:19,24.68,90.64
458,1097971,1097096,16.0,02/08/20 04:29:45,26.29,90.40
459,1100036,1099098,18.0,02/08/20 04:30:09,22.89,90.17
460,1101922,1101100,20.0,02/08/20 04:30:30,20.77,90.77
461,1103893,1103102,19.0,02/08/20 04:30:51,21.72,90.72
462,1106162,1106105,18.0,02/08/20 04:31:16,24.93,90.98
463,1108112,1108107,21.0,02/08/20 04:31:38,21.65,90.02
464,1109964,1109108,20.0,02/08/20 04:31:58,20.44,90.55
465,1112477,1112111,19.0,02/08/20 04:32:26,27.79,90.39
466,1114243,1114113,21.0,02/08/20 04:32:46,19.57,90.18
467,1116227,1116115,18.0,02/08/20 04:33:08,21.98,90.21
468,1118336,1118117,20.0,02/08/20 04:33:31,23.18,90.94
469,1120712,1120119,21.0,02/08/20 04:33:57,26.31,90.27
470,1122843,1122121,18.0,02/08/20 04:34:20,23.40,91.03
471,1124893,1124123,19.0,02/08/20 04:34:43,22.72,90.18
472,1127350,1127126,17.0,02/08/20 04:35:10,27.21,90.26
473,1129405,1129128,18.0,02/08/20 04:35:33,22.71,90.45
474,1131390,1131130,21.0,02/08/20 04:35:55,21.90,90.58
475,1133376,1133132,21.0,02/08/20 04:36:17,21.84,90.88
476,1135467,1135134,18.0,02/08/20 04:36:40,23.09,90.50
477,1137544,1137136,19.0,02/08/20 04:37:03,22.97,90.39
478,1139671,1139138,18.0,02/08/20 04:37:27,23.59,90.13
479,1141757,1141140,20.0,02/08/20 04:37:50,23.20,89.85
480,1144050,1143142,17.0,02/08/20 04:38:15,25.54,89.75
481,1146019,1145144,21.0,02/08/20 04:38:37,22.05,89.24
482,1148066,1147146,20.0,02/08/20 04:39:00,22.88,89.43
483,1150000,1149148,19.0,02/08/20 04:39:22,21.57,89.61
484,1152175,1152151,18.0,02/08/20 04:39:46,24.14,90.04
485,1154588,1154153,19.0,02/08/20 04:40:13,26.82,89.94
486,1156557,1156155,21.0,02/08/20 04:40:35,22.02,89.36
487,1158960,1158157,16.0,02/08/20 04:41:01,26.66,90.08
488,1161282,1161160,19.0,02/08/20 04:41:27,25.51,90.97
489,1163412,1163162,19.0,02/08/20 04:41:51,23.55,90.39
490,1165301,1165164,19.0,02/08/20 04:42:11,20.91,90.31
491,1167287,1167166,21.0,02/08/20 04:42:33,21.92,90.58
492,1169971,1169168,14.0,02/08/20 04:43:03,29.46,91.08
493,1171956,1171170,20.0,02/08/20 04:43:25,21.85,90.81
494,1173985,1173172,18.0,02/08/20 04:43:47,22.20,91.33
495,1175994,1175174,18.0,02/08/20 04:44:09,22.15,90.67
496,1177980,1177176,21.0,02/08/20 04:44:31,22.10,89.83
497,1180344,1180179,21.0,02/08/20 04:44:57,26.03,90.78
498,1182282,1182181,19.0,02/08/20 04:45:18,21.34,90.78
499,1184382,1184183,19.0,02/08/20 04:45:42,23.17,90.58
500,1186367,1186185,21.0,02/08/20 04:55:31,21.86,86.78
501,1188289,1188187,17.0,02/08/20 04:55:52,21.58,89.03
502,1190118,1189188,19.0,02/08/20 04:56:13,20.60,88.76
503,1192139,1191190,20.0,02/08/20 04:56:36,23.04,87.66
504,1194420,1194193,17.0,02/08/20 04:57:02,25.59,89.08
505,1196397,1196195,17.0,02/08/20 04:57:24,22.45,88.03
506,1199158,1198197,15.0,02/08/20 04:57:55,30.89,89.35
507,1201560,1201200,18.0,02/08/20 04:58:22,26.67,90.04
508,1203997,1203202,20.0,02/08/20 04:58:49,27.00,90.22
509,1206086,1205204,19.0,02/08/20 04:59:12,23.06,90.56
510,1208262,1208207,18.0,02/08/20 04:59:36,24.13,90.13
511,1210998,1210209,16.0,02/08/20 05:00:06,30.40,89.97
512,1213534,1213212,18.0,02/08/20 05:00:34,28.18,89.97
513,1215354,1215214,20.0,02/08/20 05:00:55,20.18,90.16
514,1217712,1217216,21.0,02/08/20 05:01:21,26.26,89.75
515,1219738,1219218,20.0,02/08/20 05:01:43,22.59,89.62
516,1221724,1221220,21.0,02/08/20 05:02:06,22.29,89.05
517,1224059,1223222,20.0,02/08/20 05:02:32,26.04,89.62
518,1226000,1225224,18.0,02/08/20 05:02:53,21.71,89.34
519,1228042,1227226,19.0,02/08/20 05:03:16,22.67,90.04
520,1229994,1229228,21.0,02/08/20 05:03:38,21.69,89.94
521,1233029,1232231,10.0,02/08/20 05:04:12,33.75,89.90
522,1234977,1234233,21.0,02/08/20 05:04:33,21.70,89.70
523,1237078,1236235,20.0,02/08/20 05:04:57,23.41,89.69
524,1239013,1238237,17.0,02/08/20 05:05:18,21.45,90.15
525,1241095,1240239,18.0,02/08/20 05:05:41,23.13,89.96
526,1243801,1243242,13.0,02/08/20 05:06:11,30.09,89.88
527,1245847,1245244,21.0,02/08/20 05:06:34,22.51,90.85
528,1248143,1247246,18.0,02/08/20 05:06:59,25.60,89.66
529,1250037,1249248,19.0,02/08/20 05:07:21,21.11,89.66
530,1251890,1251250,19.0,02/08/20 05:07:41,20.51,90.29
531,1254080,1253252,17.0,02/08/20 05:08:06,24.39,89.76
532,1256040,1255254,19.0,02/08/20 05:08:27,21.54,90.96
533,1258012,1257256,21.0,02/08/20 05:08:49,21.73,90.70
534,1260001,1259258,18.0,02/08/20 05:09:11,21.86,90.95
535,1262183,1261260,17.0,02/08/20 05:09:35,24.12,90.44
536,1264011,1263262,19.0,02/08/20 05:09:55,20.45,89.34
537,1266160,1265264,20.0,02/08/20 05:10:19,23.64,90.85
538,1268264,1267266,20.0,02/08/20 05:10:42,23.49,89.52
539,1270457,1270269,19.0,02/08/20 05:11:07,24.17,90.68
540,1272388,1272271,19.0,02/08/20 05:11:28,21.38,90.27
541,1274398,1274273,20.0,02/08/20 05:11:50,22.40,89.67
542,1276222,1275274,20.0,02/08/20 05:12:11,20.30,89.81
543,1278682,1278277,18.0,02/08/20 05:12:38,27.22,90.35
544,1280991,1280279,16.0,02/08/20 05:13:03,25.64,90.00
545,1283027,1282281,19.0,02/08/20 05:13:26,22.74,89.48
546,1284844,1284283,20.0,02/08/20 05:13:46,20.06,90.51
547,1286871,1286285,17.0,02/08/20 05:14:09,22.35,90.66
548,1288843,1288287,21.0,02/08/20 05:14:30,21.83,90.30
549,1291155,1290289,17.0,02/08/20 05:14:56,25.83,89.49
550,1293146,1292291,21.0,02/08/20 05:25:07,22.29,85.15
551,1295006,1294293,20.0,02/08/20 05:25:28,20.68,89.89
552,1296992,1296295,21.0,02/08/20 05:25:50,22.38,88.69
553,1299470,1299298,20.0,02/08/20 05:26:18,27.60,89.74
554,1301581,1301300,17.0,02/08/20 05:26:41,23.43,90.07
555,1303632,1303302,19.0,02/08/20 05:27:04,22.54,90.94
556,1305497,1305304,18.0,02/08/20 05:27:24,20.56,90.66
557,1307617,1307306,20.0,02/08/20 05:27:48,23.41,90.51
558,1309896,1309308,18.0,02/08/20 05:28:13,25.13,90.64
559,1312895,1312311,11.0,02/08/20 05:28:46,33.25,90.18
560,1314973,1314313,20.0,02/08/20 05:29:09,22.99,90.36
561,1317261,1316315,17.0,02/08/20 05:29:34,25.30,90.39
562,1320254,1319318,11.0,02/08/20 05:30:07,33.13,90.32
563,1322281,1321320,20.0,02/08/20 05:30:30,22.49,90.08
564,1325546,1325324,7.0,02/08/20 05:31:06,36.23,90.09
565,1327822,1327326,20.0,02/08/20 05:31:31,25.31,89.87
566,1330795,1330329,10.0,02/08/20 05:32:04,32.95,90.20
567,1333625,1333332,12.0,02/08/20 05:32:36,31.40,90.11
568,1335868,1335334,17.0,02/08/20 05:33:01,24.83,90.29
569,1338204,1337336,20.0,02/08/20 05:33:27,25.98,89.89
570,1340990,1340339,17.0,02/08/20 05:33:58,30.93,90.04
571,1343327,1342341,20.0,02/08/20 05:34:23,25.80,90.55
572,1345361,1345344,17.0,02/08/20 05:34:46,22.63,89.84
573,1347979,1347346,14.0,02/08/20 05:35:15,28.96,90.35
574,1350471,1350349,18.0,02/08/20 05:35:43,27.59,90.28
575,1353850,1353352,6.0,02/08/20 05:36:20,37.50,90.08
576,1356491,1356355,13.0,02/08/20 05:36:49,29.34,89.98
577,1358442,1358357,18.0,02/08/20 05:37:11,21.63,90.14
578,1361231,1360359,9.0,02/08/20 05:37:42,30.88,90.28
579,1363536,1363362,18.0,02/08/20 05:38:08,25.70,89.66
580,1365625,1365364,17.0,02/08/20 05:38:31,23.11,90.35
581,1367442,1367366,21.0,02/08/20 05:38:51,20.08,90.44
582,1369355,1368367,20.0,02/08/20 05:39:12,21.44,89.20
583,1372389,1372371,11.0,02/08/20 05:39:46,33.64,90.16
584,1374930,1374373,18.0,02/08/20 05:40:14,28.31,89.71
585,1377398,1377376,14.0,02/08/20 05:40:42,28.25,87.33
586,1379349,1378377,19.0,02/08/20 05:41:04,21.55,90.49
587,1381394,1381380,20.0,02/08/20 05:41:27,22.62,90.35
588,1383405,1383382,20.0,02/08/20 05:41:49,22.24,90.37
589,1385227,1384383,20.0,02/08/20 05:42:09,20.08,90.68
590,1387453,1387386,19.0,02/08/20 05:42:34,24.59,90.48
591,1389957,1389388,16.0,02/08/20 05:43:01,27.75,90.19
592,1392752,1392391,11.0,02/08/20 05:43:32,30.97,90.23
593,1394870,1394393,19.0,02/08/20 05:43:56,23.62,89.61
594,1397025,1396395,19.0,02/08/20 05:44:20,23.98,89.84
595,1399036,1398397,19.0,02/08/20 05:44:43,22.68,88.62
596,1401143,1400399,19.0,02/08/20 05:45:06,23.38,90.07
597,1403246,1402401,19.0,02/08/20 05:45:29,23.45,89.62
598,1405349,1404403,18.0,02/08/20 05:45:53,23.37,89.96
599,1407200,1406405,19.0,02/08/20 05:46:13,20.59,89.84
600,1409166,1408407,19.0,02/08/20 05:59:32,21.81,105.84
601,1411084,1410409,20.0,02/08/20 05:59:53,21.19,90.48
602,1413556,1413412,19.0,02/08/20 06:00:20,27.07,91.27
603,1415494,1415414,20.0,02/08/20 06:00:42,22.10,87.66
604,1417466,1417416,19.0,02/08/20 06:01:04,21.67,90.96
605,1419472,1419418,21.0,02/08/20 06:01:26,22.07,90.86
606,1422241,1421420,12.0,02/08/20 06:01:56,30.22,91.61
607,1424302,1423422,19.0,02/08/20 06:02:19,22.61,91.10
608,1426371,1425424,20.0,02/08/20 06:02:42,22.61,91.48
609,1428428,1428427,19.0,02/08/20 06:03:04,22.58,91.05
610,1430312,1429428,20.0,02/08/20 06:03:25,20.72,90.88
611,1432144,1431430,19.0,02/08/20 06:03:45,20.08,91.19
612,1434806,1434433,18.0,02/08/20 06:04:14,29.21,91.10
613,1437369,1436435,19.0,02/08/20 06:04:42,28.13,91.07
614,1440155,1439438,13.0,02/08/20 06:05:13,30.62,90.97
615,1442900,1442441,17.0,02/08/20 06:05:43,30.19,90.89
616,1444868,1444443,17.0,02/08/20 06:06:05,21.54,91.32
617,1446974,1446445,19.0,02/08/20 06:06:28,22.98,91.62
618,1449484,1449448,15.0,02/08/20 06:06:55,27.44,91.43
619,1451693,1451450,20.0,02/08/20 06:07:19,24.23,91.12
620,1453511,1453452,20.0,02/08/20 06:07:39,19.87,91.46
621,1455328,1454453,21.0,02/08/20 06:07:59,19.97,90.94
622,1457388,1456455,18.0,02/08/20 06:08:22,22.79,90.35
623,1459231,1458457,20.0,02/08/20 06:08:42,20.17,91.34
624,1461202,1460459,21.0,02/08/20 06:09:04,21.87,90.07
625,1463247,1462461,20.0,02/08/20 06:09:26,22.36,91.42
626,1465895,1465464,16.0,02/08/20 06:09:55,28.97,91.37
627,1468105,1467466,20.0,02/08/20 06:10:20,24.22,91.19
628,1470413,1469468,17.0,02/08/20 06:10:45,25.24,91.42
629,1472227,1471470,20.0,02/08/20 06:11:05,20.00,90.65
630,1474383,1473472,18.0,02/08/20 06:11:29,23.88,90.25
631,1476161,1475474,21.0,02/08/20 06:11:48,19.64,90.50
632,1478272,1477476,16.0,02/08/20 06:12:11,23.11,91.30
633,1480544,1480479,19.0,02/08/20 06:12:36,24.85,91.41
634,1482545,1482481,19.0,02/08/20 06:12:58,22.07,90.63
635,1484865,1484483,19.0,02/08/20 06:13:24,25.78,89.95
636,1487481,1486485,14.0,02/08/20 06:13:53,28.76,90.92
637,1489880,1489488,20.0,02/08/20 06:14:19,26.41,90.79
638,1491965,1491490,16.0,02/08/20 06:14:42,23.07,90.33
639,1493744,1493492,21.0,02/08/20 06:15:02,19.87,89.48
640,1495713,1495494,21.0,02/08/20 06:15:24,22.09,89.09
641,1497934,1497496,19.0,02/08/20 06:15:49,24.69,89.92
642,1499944,1499498,20.0,02/08/20 06:16:12,22.64,88.73
643,1502028,1501500,20.0,02/08/20 06:16:35,23.02,90.48
644,1503977,1503502,21.0,02/08/20 06:16:56,21.47,90.74
645,1506302,1505504,16.0,02/08/20 06:17:22,25.60,90.77
646,1508307,1507506,20.0,02/08/20 06:17:44,22.13,90.56
647,1510645,1510509,20.0,02/08/20 06:18:10,25.84,90.45
648,1512792,1512511,20.0,02/08/20 06:18:33,23.64,90.77
649,1514954,1514513,20.0,02/08/20 06:18:57,23.89,90.44
650,1517046,1516515,21.0,02/08/20 06:31:04,23.00,85.53
651,1518972,1518517,20.0,02/08/20 06:31:25,21.10,91.24
652,1521110,1520519,19.0,02/08/20 06:31:49,23.31,91.67
653,1523131,1522521,20.0,02/08/20 06:32:11,22.35,90.37
654,1525495,1524523,21.0,02/08/20 06:32:37,25.84,91.44
655,1527659,1527526,20.0,02/08/20 06:33:01,23.88,90.58
656,1529727,1529528,18.0,02/08/20 06:33:23,22.72,90.97
657,1532055,1531530,17.0,02/08/20 06:33:49,25.70,90.55
658,1534129,1533532,15.0,02/08/20 06:34:12,23.12,89.65
659,1536026,1535534,20.0,02/08/20 06:34:33,21.01,90.23
660,1538048,1537536,20.0,02/08/20 06:34:56,22.45,90.04
661,1540240,1539538,18.0,02/08/20 06:35:20,24.05,91.11
662,1542542,1542541,19.0,02/08/20 06:35:45,25.60,89.90
663,1544547,1544543,20.0,02/08/20 06:36:07,22.19,90.33
664,1546593,1546545,20.0,02/08/20 06:36:30,22.40,91.29
665,1548801,1548547,18.0,02/08/20 06:36:54,24.28,90.90
666,1551163,1550549,21.0,02/08/20 06:37:20,25.94,91.03
667,1553358,1552551,17.0,02/08/20 06:37:44,24.06,91.20
668,1555336,1554553,21.0,02/08/20 06:38:06,21.86,90.45
669,1557509,1556555,19.0,02/08/20 06:38:30,23.89,90.92
670,1560036,1559558,13.0,02/08/20 06:38:58,27.79,90.90
671,1562071,1561560,19.0,02/08/20 06:39:20,22.40,90.81
672,1564189,1563562,20.0,02/08/20 06:39:44,23.55,89.91
673,1566129,1565564,20.0,02/08/20 06:40:05,21.37,90.72
674,1568469,1567566,20.0,02/08/20 06:40:31,25.72,90.95
675,1570674,1570569,19.0,02/08/20 06:40:55,24.36,90.46
676,1573043,1572571,19.0,02/08/20 06:41:21,26.07,90.84
677,1575309,1574573,17.0,02/08/20 06:41:46,24.87,91.08
678,1577606,1577576,20.0,02/08/20 06:42:12,25.63,89.59
679,1579855,1579578,19.0,02/08/20 06:42:37,25.15,89.38
680,1581854,1581580,20.0,02/08/20 06:42:59,21.95,91.02
681,1584045,1583582,18.0,02/08/20 06:43:23,24.07,91.00
682,1586188,1585584,18.0,02/08/20 06:43:46,23.65,90.58
683,1588621,1588587,17.0,02/08/20 06:44:13,26.59,91.46
684,1591128,1590589,18.0,02/08/20 06:44:41,27.58,90.86
685,1593548,1592591,21.0,02/08/20 06:45:07,26.48,91.35
686,1595603,1595594,17.0,02/08/20 06:45:30,22.76,90.26
687,1597904,1597596,19.0,02/08/20 06:45:55,25.25,91.10
688,1600085,1599598,20.0,02/08/20 06:46:19,24.02,90.77
689,1602382,1601600,20.0,02/08/20 06:46:44,25.14,91.32
690,1604430,1603602,20.0,02/08/20 06:47:07,22.46,91.15
691,1606312,1605604,21.0,02/08/20 06:47:27,20.66,91.03
692,1608398,1607606,20.0,02/08/20 06:47:50,22.93,90.93
693,1610368,1609608,19.0,02/08/20 06:48:12,21.77,90.43
694,1612280,1611610,20.0,02/08/20 06:48:33,20.95,91.23
695,1614289,1613612,20.0,02/08/20 06:48:55,22.06,91.00
696,1616581,1615614,16.0,02/08/20 06:49:20,25.27,90.67
697,1618552,1617616,18.0,02/08/20 06:49:42,21.58,91.27
698,1620561,1619618,20.0,02/08/20 06:50:04,21.92,91.59
699,1622886,1622621,18.0,02/08/20 06:50:29,25.28,91.94
700,1625539,1624623,15.0,02/08/20 07:03:18,28.94,60.75
701,1627707,1627626,19.0,02/08/20 07:03:41,23.80,91.06
702,1629716,1629628,20.0,02/08/20 07:04:03,21.98,91.36
703,1631691,1631630,20.0,02/08/20 07:04:25,21.53,91.70
704,1634076,1633632,13.0,02/08/20 07:04:51,26.02,91.61
705,1636049,1635634,21.0,02/08/20 07:05:13,21.64,91.14
706,1638237,1637636,16.0,02/08/20 07:05:36,23.91,91.47
707,1640112,1639638,20.0,02/08/20 07:05:57,20.47,91.53
708,1642142,1641640,21.0,02/08/20 07:06:19,22.16,91.55
709,1644074,1643642,19.0,02/08/20 07:06:40,21.12,91.44
710,1646352,1645644,19.0,02/08/20 07:07:05,24.94,91.31
711,1648655,1648647,16.0,02/08/20 07:07:30,25.16,91.50
712,1650796,1650649,19.0,02/08/20 07:07:54,23.52,90.98
713,1652786,1652651,21.0,02/08/20 07:08:16,21.70,91.66
714,1655126,1654653,16.0,02/08/20 07:08:41,25.42,92.00
715,1656887,1656655,21.0,02/08/20 07:09:00,19.27,91.33
716,1659316,1658657,14.0,02/08/20 07:09:27,26.60,91.28
717,1661322,1660659,18.0,02/08/20 07:09:49,22.00,91.14
718,1663326,1662661,18.0,02/08/20 07:10:11,21.90,91.46
719,1665749,1665664,18.0,02/08/20 07:10:37,26.42,91.66
720,1668199,1667666,15.0,02/08/20 07:11:04,26.63,91.96
721,1670075,1669668,20.0,02/08/20 07:11:24,20.43,91.77
722,1672895,1672671,13.0,02/08/20 07:11:55,30.80,91.53
723,1675137,1674673,17.0,02/08/20 07:12:19,24.45,91.66
724,1677220,1676675,19.0,02/08/20 07:12:42,22.86,91.06
725,1679095,1678677,20.0,02/08/20 07:13:03,20.43,91.74
726,1681176,1680679,19.0,02/08/20 07:13:26,22.74,91.47
727,1683220,1682681,20.0,02/08/20 07:13:48,22.32,91.52
728,1685310,1684683,18.0,02/08/20 07:14:11,22.78,91.69
729,1687388,1686685,19.0,02/08/20 07:14:33,22.71,91.45
730,1689438,1688687,20.0,02/08/20 07:14:56,22.35,91.69
731,1691531,1690689,17.0,02/08/20 07:15:19,22.83,91.64
732,1693904,1693692,19.0,02/08/20 07:15:45,26.11,90.84
733,1695874,1695694,21.0,02/08/20 07:16:06,21.80,90.33
734,1698535,1697696,13.0,02/08/20 07:16:36,29.29,90.82
735,1700333,1699698,20.0,02/08/20 07:16:55,19.77,90.90
736,1702128,1701700,20.0,02/08/20 07:17:15,19.73,90.94
737,1704215,1703702,18.0,02/08/20 07:17:38,22.78,91.57
738,1706005,1705704,20.0,02/08/20 07:17:58,19.57,91.43
739,1707898,1707706,19.0,02/08/20 07:18:18,20.68,91.48
740,1710123,1709708,20.0,02/08/20 07:18:42,24.24,91.75
741,1712211,1711710,18.0,02/08/20 07:19:05,22.92,91.04
742,1714006,1713712,20.0,02/08/20 07:19:25,19.89,90.18
743,1716235,1715714,18.0,02/08/20 07:19:50,24.83,89.72
744,1718299,1717716,16.0,02/08/20 07:20:13,22.66,91.04
745,1720305,1719718,20.0,02/08/20 07:20:35,21.99,91.17
746,1722441,1721720,17.0,02/08/20 07:20:58,23.24,91.87
747,1724839,1724723,20.0,02/08/20 07:21:24,26.23,91.38
748,1726638,1725724,20.0,02/08/20 07:21:44,19.74,91.10
749,1728715,1727726,19.0,02/08/20 07:22:07,22.63,91.74
750,1730869,1730729,17.0,02/08/20 07:34:15,23.61,74.55
751,1732750,1732731,19.0,02/08/20 07:34:36,20.83,90.25
752,1734793,1734733,19.0,02/08/20 07:34:59,22.69,90.01
753,1736801,1736735,20.0,02/08/20 07:35:21,22.19,90.45
754,1738775,1738737,21.0,02/08/20 07:35:43,22.33,88.36
755,1741128,1740739,18.0,02/08/20 07:36:09,25.97,90.57
756,1743579,1742741,17.0,02/08/20 07:36:36,26.92,91.00
757,1745343,1744743,21.0,02/08/20 07:36:55,19.50,90.40
758,1747167,1746745,20.0,02/08/20 07:37:16,20.15,90.47
759,1749322,1748747,17.0,02/08/20 07:37:40,23.99,89.79
760,1751424,1750749,20.0,02/08/20 07:38:03,23.26,90.33
761,1753913,1753752,18.0,02/08/20 07:38:30,27.46,90.61
762,1756259,1755754,17.0,02/08/20 07:38:56,25.91,90.51
763,1758313,1757756,20.0,02/08/20 07:39:19,22.75,90.24
764,1760078,1759758,21.0,02/08/20 07:39:39,19.67,89.70
765,1761992,1761760,19.0,02/08/20 07:40:00,21.24,90.08
766,1763801,1763762,21.0,02/08/20 07:40:20,19.99,90.46
767,1765853,1765764,19.0,02/08/20 07:40:43,22.85,89.74
768,1767618,1766765,21.0,02/08/20 07:41:02,19.58,90.10
769,1769655,1768767,17.0,02/08/20 07:41:25,22.67,89.79
770,1771567,1770769,19.0,02/08/20 07:41:46,21.13,90.44
771,1773867,1773772,18.0,02/08/20 07:42:11,25.29,90.91
772,1776105,1775774,19.0,02/08/20 07:42:36,24.83,90.09
773,1778165,1777776,21.0,02/08/20 07:42:59,22.82,90.22
774,1780210,1779778,20.0,02/08/20 07:43:22,22.66,90.20
775,1782065,1781780,19.0,02/08/20 07:43:42,20.45,90.64
776,1784787,1784783,15.0,02/08/20 07:44:12,30.22,90.04
777,1786881,1786785,16.0,02/08/20 07:44:35,23.03,90.89
778,1788853,1788787,19.0,02/08/20 07:44:57,21.84,90.25
779,1791314,1790789,20.0,02/08/20 07:45:25,27.29,90.16
780,1793169,1792791,20.0,02/08/20 07:45:45,20.61,89.98
781,1794961,1794793,20.0,02/08/20 07:46:05,19.85,90.22
782,1797264,1796795,19.0,02/08/20 07:46:31,25.50,90.26
783,1799216,1798797,19.0,02/08/20 07:46:52,21.53,90.62
784,1801556,1800799,18.0,02/08/20 07:47:18,25.87,90.41
785,1803863,1803802,19.0,02/08/20 07:47:43,25.47,90.55
786,1805867,1805804,18.0,02/08/20 07:48:06,22.13,90.50
787,1807916,1807806,18.0,02/08/20 07:48:28,22.67,90.34
788,1810221,1809808,19.0,02/08/20 07:48:54,25.37,90.82
789,1812245,1811810,19.0,02/08/20 07:49:16,22.35,90.53
790,1814097,1813812,20.0,02/08/20 07:49:36,20.55,90.09
791,1816126,1815814,19.0,02/08/20 07:49:59,22.56,89.91
792,1818211,1817816,19.0,02/08/20 07:50:22,23.12,90.14
793,1820783,1819818,19.0,02/08/20 07:50:50,28.31,90.82
794,1823176,1822821,20.0,02/08/20 07:51:17,26.52,90.18
795,1825334,1824823,19.0,02/08/20 07:51:41,23.84,90.48
796,1827516,1826825,19.0,02/08/20 07:52:05,23.93,91.13
797,1829557,1828827,20.0,02/08/20 07:52:27,22.45,90.85
798,1831486,1830829,18.0,02/08/20 07:52:49,21.34,90.37
799,1833376,1832831,19.0,02/08/20 07:53:09,20.94,90.22
800,1835257,1834833,19.0,02/08/20 08:07:46,20.84,88.88
801,1837595,1836835,20.0,02/08/20 08:08:11,25.55,91.46
802,1839772,1838837,19.0,02/08/20 08:08:35,23.75,91.61
803,1841964,1841840,21.0,02/08/20 08:08:59,23.82,92.00
804,1844032,1843842,17.0,02/08/20 08:09:22,23.71,87.20
805,1846033,1845844,20.0,02/08/20 08:09:45,22.40,89.29
806,1848468,1847846,18.0,02/08/20 08:10:11,26.60,91.51
807,1850297,1849848,20.0,02/08/20 08:10:32,20.61,88.69
808,1852999,1852851,12.0,02/08/20 08:11:02,29.69,90.96
809,1855546,1854853,12.0,02/08/20 08:11:30,27.80,91.58
810,1857460,1856855,20.0,02/08/20 08:11:50,20.78,92.07
811,1859747,1858857,16.0,02/08/20 08:12:15,24.91,91.76
812,1861735,1860859,21.0,02/08/20 08:12:37,21.65,91.77
813,1864154,1863862,20.0,02/08/20 08:13:04,26.59,90.95
814,1866813,1865864,14.0,02/08/20 08:13:33,29.08,91.40
815,1868799,1867866,21.0,02/08/20 08:13:54,21.69,91.53
816,1871135,1870869,16.0,02/08/20 08:14:20,25.65,91.03
817,1873355,1872871,17.0,02/08/20 08:14:44,24.33,91.20
818,1875724,1874873,14.0,02/08/20 08:15:10,25.78,91.86
819,1877875,1876875,19.0,02/08/20 08:15:33,23.36,92.05
820,1880174,1879878,20.0,02/08/20 08:15:58,24.97,92.02
821,1882184,1881880,19.0,02/08/20 08:16:20,22.01,91.26
822,1884211,1883882,20.0,02/08/20 08:16:42,22.00,92.09
823,1886700,1885884,20.0,02/08/20 08:17:09,26.86,92.64
824,1888722,1887886,20.0,02/08/20 08:17:31,22.00,91.85
825,1890661,1889888,20.0,02/08/20 08:17:52,21.14,91.66
826,1892574,1891890,19.0,02/08/20 08:18:13,20.72,92.26
827,1894877,1893892,20.0,02/08/20 08:18:38,25.19,91.38
828,1896863,1895894,21.0,02/08/20 08:19:00,21.66,91.62
829,1899199,1898897,20.0,02/08/20 08:19:26,25.55,91.40
830,1901220,1900899,20.0,02/08/20 08:19:48,22.09,91.45
831,1903578,1902901,21.0,02/08/20 08:20:14,25.89,91.05
832,1905697,1904903,20.0,02/08/20 08:20:37,23.08,91.78
833,1907985,1907906,21.0,02/08/20 08:21:02,24.89,91.88
